[
  {
    "ID": "6e33ac77-12e6-446d-a9f9-998103a954ab",
    "Imgbanner": "https://i.imgur.com/yJiA2Mu.jpg",
    "Imgimagen": "https://i.imgur.com/Omodx7q.jpg",
    "Recomendados": "no",
    "Requiminimos": "Sistema Operativo: Windows Vista SP2, Windows 7 SP1, Windows 8 / 8.1 (both 32/64bit Versións)\r\nProcesador: Intel Core i3 2105 @ 3.1 GHz ó AMD Phenom 2 X4 955 @ 3.2GHz\r\nMemoria: 2 GB RAM\r\nTarjeta gráfica: Nvidia GeForce 8800GT ó AMD Radeon HD4870 (512MB VRAM & Shader Model 4.0)\r\nDisco duro: 3500 MB espacio disponible\r\nTarjeta de sonido: DirectX Compatible Tarjeta de sonido con los últimos drivers",
    "Requirecomendados": "Sistema Operativo: Windows Vista SP2, Windows 7 SP1, Windows 8 / 8.1 (both 32/64bit Versións)\r\nProcesador: Intel Core i5 2400S @ 2.5 GHz ó AMD FX 4100 @ 3,6 GHz ó superior\r\nMemoria: 4 GB RAM\r\nTarjeta gráfica: Nvidia GeForce GTX 570 ó AMD Radeon HD7870 (1250MB VRAM & Shader Model 5.0) ó superior\r\nDisco duro: 3500 MB espacio disponible\r\nTarjeta de sonido: DirectX Compatible Tarjeta de sonido con los últimos drivers",
    "ads": "No",
    "capturas": "https://i.imgur.com/pmJgKh2.jpg, https://i.imgur.com/UdMlXe7.jpg, https://i.imgur.com/gNcuuvO.jpg",
    "descripcion": "En la actualidad, Abstergo Entertainment, una subsidiaria de Abstergo que se encarga de producir bienes multimedia, lanza su primer gran producto, Liberation , un videojuego sobre la vida de la Asesina Aveline de Grandpré . El jugador es contactado por el grupo de hackers Erudito mientras juega, y se entera de que se realizó una gran cantidad de censura con respecto a la guerra entre Asesinos y Templarios . El grupo se ofrece a ayudar al jugador a eliminar estos elementos del juego durante su partida.\r\n\r\nEl jugador comienza a experimentar la vida de Aveline en 1765, mientras opera en la ciudad de Nueva Orleans desde la mansión de su familia, en la que vive junto a su madrastra, Madeleine de L'Isle. A medida que la ciudad sufre una transición de control de Francia a España cerca del final de la Guerra Francesa e India , Aveline descubre un complot templario para controlar Luisiana durante el período de transición dirigido por el templario Rafael Joaquín de Ferrer. Para contrarrestar esto, asesina a dos hombres que lo ayudan en sus objetivos: el gobernador francés Jean-Jacques Blaise d'Abbadie, como parte de un trato para mantener su puesto en Nueva Orleans, y Baptiste, un desertor de los Asesinos que intenta controlar las operaciones de contrabando en el Bayou alrededor de la ciudad y sacar al mentor de Aveline, el Asesino Agaté, de su escondite. Un año después de estos asesinatos, de Ferrer es enviado a un lugar de trabajo templario en México, mientras que su socio Antonio de Ulloa supervisa Nueva Orleans como su nuevo gobernador español, imponiendo estrictas restricciones comerciales, estableciendo una operación encubierta de comercio de esclavos y permitiendo a los funcionarios franceses para seguir operando en la ciudad.",
    "enlaces": "https://www.mediafire.com/file/u2hl6ukj8gvqcvc/ACL.part01.rar/file, https://www.mediafire.com/file/u5tmwa8p3zqhh06/ACL.part02.rar/file, https://www.mediafire.com/file/10klcwe7968kyo0/ACL.part03.rar/file, https://www.mediafire.com/file/1gl290rapi8bt76/ACL.part04.rar/file, https://www.mediafire.com/file/5e8mqq3gfw2215g/ACL.part05.rar/file, https://www.mediafire.com/file/gb3j20ha5udf0x7/ACL.part06.rar/file, https://www.mediafire.com/file/paqtwejfralypoi/ACL.part07.rar/file, https://www.mediafire.com/file/t0x0ozhruegrfao/ACL.part08.rar/file, https://www.mediafire.com/file/euwyvui4df3715n/ACL.part09.rar/file, https://www.mediafire.com/file/3hjwfxew8jvfdnb/ACL.part10.rar/file, https://www.mediafire.com/file/ymo8pe2x5ca2gwp/ACL.part11.rar/file, https://www.mediafire.com/file/xwywnmpyessgtb1/ACL.part12.rar/file",
    "fecha": "08 Marzo, 2021",
    "formato": "rar",
    "genero": "Accion,Aventura",
    "iconouser": "https://i.imgur.com/nJi56nZ.jpg",
    "nivel": "altos",
    "password": "lokuedo5000",
    "peso": "2 GB",
    "servidor": "mediafire",
    "sistema": "win-8_10",
    "tags": "Assassin's Creed III: Liberation, Assassin's Creed III: Liberation portable, portable",
    "tipo": "portable",
    "titulo": "Assassin's Creed III: Liberation",
    "user": "lokuedo5000"
  },
  {
    "ID": "dc959dcf-6aaa-4d06-848d-a052c30145b4",
    "Imgbanner": "https://i.imgur.com/j3L2Lrg.png",
    "Imgimagen": "https://i.imgur.com/tCnmnF7.jpg",
    "Recomendados": "no",
    "Requiminimos": "SO: Windows XP\r\nProcesador: Intel Pentium 4 a 2.0 GHz / AMD Athlon XP 2000+ o superior\r\nMemoria: 512 MB de RAM\r\nDisco Duro: 2.8 GB de espacio libre sin comprimir (más 400 MB para el archivo de intercambio de Windows )\r\nGráficos: Aceleradora 3D por hardware con 64 MB de VRAM y 100% compatible con DirectX 9.0c\r\nSonido: Dispositivo de sonido de 16 bits 100% compatible con DirectX 9.0c y los últimos drivers\r\nVersión de DirectX : 9.0c",
    "Requirecomendados": "Desconocidos",
    "ads": "No",
    "capturas": "https://i.imgur.com/PkDCOUV.png, https://i.imgur.com/VbvEQ6S.png",
    "descripcion": "El modo para un único jugador de Quake 4 continúa la historia desarrollada en Quake II, poniendo al jugador en una guerra contra unos cyborgs extraterrestres conocidos como Stroggs. El juego continúa la historia de un marine llamado Matthew Kane (el primer protagonista con nombre en la saga Quake, aunque se cree que el nombre del marine de Quake 2 es \"Bitterman\", ya que es el nombre que aparece en la cápsula en la que llega a \"Cerebron\" que es miembro de una unidad militar conocida como pelotón Rhino. La misión de los marines es asegurar el planeta Stroggos, mundo natal de los Stroggs, y destruir al nuevo Makkron pero su nave es derribada y aquí es cuando comienza la acción.",
    "enlaces": "https://www.mediafire.com/file/caoykdqbqmxrxm6/QK4_re_subido_SShort_Games.part1.rar/file, https://www.mediafire.com/file/zflswv1kb9muq02/QK4_re_subido_SShort_Games.part2.rar/file, https://www.mediafire.com/file/ge7cgn5pvby6ptv/QK4_re_subido_SShort_Games.part3.rar/file, https://www.mediafire.com/file/xgwve8h1b39h46z/QK4_re_subido_SShort_Games.part4.rar/file, https://www.mediafire.com/file/54l3fqd6ykwcuvf/QK4_re_subido_SShort_Games.part5.rar/file, https://www.mediafire.com/file/nttn49htgsj2lhk/QK4_re_subido_SShort_Games.part6.rar/file, https://www.mediafire.com/file/5e3zk7ingf4kws8/QK4_re_subido_SShort_Games.part7.rar/file",
    "fecha": "07 Marzo, 2021",
    "formato": "rar",
    "genero": "Accion,Disparos en Primera Persona,Horror,Shooter",
    "iconouser": "https://i.imgur.com/nJi56nZ.jpg",
    "nivel": "bajos",
    "password": "lokuedo5000",
    "peso": "4 GB",
    "servidor": "mediafire",
    "sistema": "win-7_8_10",
    "tags": "Quake 4, Quake 4 portable, portable",
    "tipo": "portable",
    "titulo": "Quake 4",
    "user": "lokuedo5000"
  },
  {
    "ID": "1cfd9733-7287-47b5-8680-f1a59633f429",
    "Imgbanner": "https://i.imgur.com/eTlt4sW.png",
    "Imgimagen": "https://i.imgur.com/hMcLBAv.jpg",
    "Recomendados": "no",
    "Requiminimos": "Sistema Operativo: Windows 7, 8 y 8.1\r\nProcesador: Dual core Procesador\r\nMemoria: 1 GB RAM\r\nTarjeta gráfica: DirectX10 compatible Tarjeta gráfica card w/ dedicada 512MB RAM (ATI Radeon 3670, NVIDIA 8600 GT ó Intel HD 3000)\r\nDirectX: Versión 10\r\nDisco duro: 2550 MB espacio disponible\r\nNotas adicionales: ** DirectX feature level 10 required **",
    "Requirecomendados": "Sistema Operativo: Windows 7, 8 y 8.1\r\nProcesador: Quad core Procesador\r\nMemoria: 2 GB RAM\r\nTarjeta gráfica: DirectX10 compatible Tarjeta gráfica card w/ dedicada 1GB RAM\r\nDirectX: Versión 11\r\nDisco duro: 2550 MB espacio disponible\r\nNotas adicionales: ** DirectX feature level 10 required **",
    "ads": "No",
    "capturas": "https://i.imgur.com/qqjNcFr.png, https://i.imgur.com/nG13Skb.png",
    "descripcion": "Halo: Spartan Strike tiene lugar después de los eventos de Halo 4. El personaje del jugador es un súper soldado Spartan IV que lidera las fuerzas de la UNSC contra el nuevo Covenant y los Prometeos, enemigos dentro de una simulación de combate durante los eventos de Halo 2 en Nueva Mombasa, Kenia, como en Halo 3: ODST​ Después de la primera campaña, el jugador va a Gamma Halo para impedir que las fuerzas de nuevo Covenant activen un dispositivo conocido como el conducto, pero fallan, pudiendo agarrar el dispositivo. Luego, el jugador lleva el Conducto a una ciudad atacada por Prometeos y detiene la batalla.",
    "enlaces": "https://i.imgur.com/nJi56nZ.jpg",
    "fecha": "07 Marzo, 2021",
    "formato": "rar",
    "genero": "Accion,Disparos en Tercera Persona,Simulador",
    "iconouser": "https://i.imgur.com/nJi56nZ.jpg",
    "nivel": "bajos",
    "password": "lokuedo5000",
    "peso": "2,25 GB",
    "servidor": "mediafire",
    "sistema": "win-7_8_10",
    "tags": "halo spartan strike, halo spartan strike portable, portable",
    "tipo": "portable",
    "titulo": "Halo Spartan Strike",
    "user": "lokueedo5000"
  },
  {
    "ID": "8ba47872-857b-4562-a0aa-a7ac15569032",
    "Imgbanner": "https://i.imgur.com/VP69r3Y.png",
    "Imgimagen": "https://i.imgur.com/sksFPLu.jpg",
    "Recomendados": "no",
    "Requiminimos": "SO: Microsoft Windows XP o Windows Vista (soportadas Versiónes de 64 bits)\r\nProcesador: Pentium 4 a 3.2 Ghz, Pentium D a 2.66 Ghz, AMD Athlon 64 3500+ o superior\r\nMemoria: 1 GB de RAM\r\nGráficos: nVidia 6800 / ATI X1650 o superior con 256 MB y con soporte para Shader Model 3.0*\r\nDisco Duro: 3.5 GB de espacio libre (múltiples partidas guardadas y mapas creados por el usuario aumentarán la cantidad de espacio necesaria en el disco duro)\r\n*Gráficas Soportadas: Familias nVidia 6800, 7000, 8000, 9000 y 200. 8800M y 8700M soportadas para portátiles. Familias ATI X1650 1950, HD2000, HD3000 y HD4000",
    "Requirecomendados": "Procesador: Familia Intel Core 2 Duo, AMD 64 X2 5200+, AMD Phenom o superior\r\nMemoria: 2 GB de RAM\r\nGráficos: nVidia 8600 GTS o superior, ATI X1900 o mejor con 512 MB de VRAM*\r\nSonido: Recomendado dispositivo de sonido 5.1",
    "ads": "No",
    "capturas": "https://i.imgur.com/qBNITM2.jpg, https://i.imgur.com/DlHNg35.png",
    "descripcion": "Far Cry 2 toma lugar en un pequeño estado del África Central, sumido en una guerra civil. El gobierno ha colapsado recientemente, dejando a dos facciones con el control: la UFLL, United Front of Liberation, dirigida por Addi Mbantuwe, líder de la oposición; y la APR, Alliance for Popular Resistance, dirigida por Oliver Tambossa. Ambas facciones están clamando por los intereses de los habitantes, pero ambas han mostrado su falta de compasión, hostilidad, codicia, y una indiferencia general por el bienestar de la gente. Ambas facciones han contratado algunos mercenarios para reforzar su poder durante el conflicto. El agotamiento reciente de las minas de diamante de la nación ha sumido al país en un gran desorden, dejando a algunos mercenarios sin una paga y sin salida del lugar.",
    "enlaces": "https://mega.nz/file/Rl40Cagb#WCPKNfzPLAqyitRQ0TLJntcJu7EriTMPZVG6cV4nUWc, https://mega.nz/file/0lQRXYQB#BMunXSN0jkppmNGnUW7w-8euCeGUNpOasMVXNVk3PVM, https://mega.nz/file/0xBCTQxS#osytJJrZlb7T7_V1_s8B0DVTMw2vygV_2PO-rNMfSjU",
    "fecha": "12 Febrero, 2021",
    "formato": "rar",
    "genero": "Accion,Aventura,Disparos en Primera Persona",
    "iconouser": "https://i.imgur.com/nJi56nZ.jpg",
    "nivel": "medios",
    "password": "lokuedo5000 (o) LeGames",
    "peso": "3 gb",
    "servidor": "Mega",
    "sistema": "win-8_10",
    "tags": "Far Cry 2, Far Cry 2 portable, portable, Far Cry 2 español",
    "tipo": "portable",
    "titulo": "Far Cry 2",
    "user": "lokuedo5000"
  },
  {
    "ID": "1f06414a-c6ef-490f-a7cb-b8641d4b2ee1",
    "Imgbanner": "https://i.imgur.com/qp1hq3W.png",
    "Imgimagen": "https://i.imgur.com/RPcmtI7.jpg",
    "Recomendados": "no",
    "Requiminimos": "Sistema Operativo: Windows Vista\r\nProcesador: Dual Core 2.0GHz o equivalente\r\nMemmoria: 2 GB RAM\r\nTarjeta gráfica: ATI o NVidia con 512 MB de RAM\r\nDirectX: Versión 9.0\r\nDisco duro: 3 GB libres",
    "Requirecomendados": "Sistema Operativo: Windows 7\r\nProcesador: Dual Core 3.0GHz o equivalente\r\nMemmoria: 2 GB RAM\r\nTarjeta gráfica: ATI o NVidia con 1024 MB de RAM (NVIDIA GeForce GTX 260 o ATI HD 4890)\r\nDirectX: Versión 9.0\r\nDisco duro: 3 GB libres",
    "ads": "No",
    "capturas": "https://i.imgur.com/407wJgq.png, https://i.imgur.com/46qcuP7.png",
    "descripcion": "Life Is Strange ocurre en la ciudad ficticia de Arcadia Bay, en Oregon, desde la perspectiva de Maxine Caulfield (Hannah Telle), estudiante de duodécimo grado de la academia de Blackwell, durante la semana del 7 de octubre de 2013. Durante clase de la fotografía con el Profesor Mark Jefferson (Derek Phillips), Max experimenta una visión de un faro que es destruido por un tornado. Dirigiéndose al baño para aclarar su mente, ve cómo un compañero de clase, Nathan Prescott (Nik Shriner), amenaza con una pistola a una chica, Chloe Price (Ashly Burch), y la asesina accidentalmente. Ante tal situación y presa del pánico, Max descubre que tiene la capacidad de rebobinar el tiempo, y gracias a ello regresa al momento en el que Nathan y Chloe comienzan a discutir, evitando así su muerte. Tras lo ocurrido, ambas chicas descubren que, a pesar de no haberse reconocido por sus cambios físicos, son mejores amigas de la infancia, por lo que deciden retomar el contacto y la amistad. Las dos se reúnen y van a dar un paseo por el faro, donde Max cuenta a Chloe su capacidad para viajar en el tiempo y la visión que tuvo en la clase de fotografía, deduciendo que el tornado no es algo pasado, sino una premonición: una tormenta se acerca a la ciudad.",
    "enlaces": "https://mega.nz/folder/ncQFGCSL#PemqcxdDlE335mgAdw3Xeg",
    "fecha": "12 Febrero, 2021",
    "formato": "rar",
    "genero": "Aventura,Aventura Grafica,Pelicula Interactiva",
    "iconouser": "https://i.imgur.com/nJi56nZ.jpg",
    "nivel": "altos",
    "password": "lokuedo5000",
    "peso": "1,89 gb",
    "servidor": "Mega",
    "sistema": "win-7_8_10",
    "tags": "Life is Strange Episodio 1 portable, Life is Strange Episodio 1 full, Life is Strange, portable",
    "tipo": "portable",
    "titulo": "Life is Strange Episodio 1",
    "user": "lokuedo5000"
  },
  {
    "ID": "d3e35222-805c-4207-b12c-74009f80f2a5",
    "Imgbanner": "https://i.imgur.com/6a5DzEY.jpg",
    "Imgimagen": "https://i.imgur.com/PSUH1ah.jpg",
    "Recomendados": "si",
    "Requiminimos": "SO: Windows 7 ó superior 64bit.\r\nProcesador: Intel Core i3 2.00 GHz ó AMD equivalent.\r\nMemoria: 6 GB de RAM.\r\nGráficos: NVIDIA GeForce 450 ó superior con 1GB Memoria.\r\nDirectX: Versión 11.\r\nAlmacenamiento: 4 GB de espacio disponible.",
    "Requirecomendados": "Desconocidos",
    "ads": "No",
    "capturas": "https://i.imgur.com/foLuM2t.jpg, https://i.imgur.com/bt52XUb.jpg",
    "descripcion": "En 1989, después del incendio de Yellowstone de 1988, Henry toma un trabajo como un puesto de vigilancia de Bosque Nacional Shoshone, después de que su esposa Julia desarrolla alzheimer de inicio temprano. El primer día, su supervisora Delilah lo contacta a través de walkie-talkie y le pide que investigue los fuegos artificiales ilegales en un lago cercano. Allí él detecta a muchachas adolescentes nadando desnudas, que lo acusan de \"viejo mirón pervertido\". En su camino de regreso, encuentra una cueva cerrada (Cueva 452) y ve una figura envuelta. Henry descubre que su torre de vigilancia ha sido saqueada cuando llega. Al día siguiente, Delilah lo envía a una línea de comunicación derribada. Se encuentra un cable cortado, junto con un mensaje de las chicas. Él y Delilah planean asustarlas, pero Henry encuentra su campamento abandonado y desgarrado.",
    "enlaces": "https://mega.nz/#!KY5zVALJ!Q2sOWFfnQ6lTw4yE2b_XzbcK5QbmWGzv7NV_bmOmmOw",
    "fecha": "12 Febrero, 2021",
    "formato": "rar",
    "genero": "Aventura,Misterio",
    "iconouser": "https://i.imgur.com/nJi56nZ.jpg",
    "nivel": "medios",
    "password": "No Password",
    "peso": "1,5 GB",
    "servidor": "Mega",
    "sistema": "win-8_10",
    "tags": "Firewatch, descargar Firewatch, Firewatch portable, Firewatch full",
    "tipo": "portable",
    "titulo": "Firewatch",
    "user": "lokuedo5000"
  },
  {
    "ID": "5417b771-494e-4773-8209-0d60dfa477aa",
    "Imgbanner": "https://i.imgur.com/73Zn2El.png",
    "Imgimagen": "https://i.imgur.com/yp26E6f.jpg",
    "Recomendados": "no",
    "Requiminimos": "Sistema Operativo:Windows XP, Windows Vista y Windows 7\r\nProcesador:Intel Core 2 Duo E6700 @ 2.6 GHz ó AMD Athlon64 X2 6000+ @ 3.0Ghz ó superior\r\nMemoria:4 GB RAM\r\nTarjeta gráfica:512MB Video RAM (1GB Video RAM), DirectX9c (DirectX11) Shader Model 3.0 (Shader Model 5.0)\r\nDirectX :9.0c\r\nDisco duro:15 GB HD space\r\nSound:DirectX Compatible (Recomendados Surround Sound 5.1 capable)\r\nOther Requirements:Conexión a Internet de banda ancha",
    "Requirecomendados": "Memoria:4 GB RAM\r\nTarjeta gráfica:512MB Video RAM (1GB Video RAM), DirectX9c (DirectX11) Shader Model 3.0 (Shader Model 5.0)\r\nDirectX :11\r\nDisco duro:15 GB HD space\r\nSound:DirectX Compatible (Recomendados Surround Sound 5.1 capable)\r\nOther Requirements:Conexión a Internet de banda ancha",
    "ads": "No",
    "capturas": "https://i.imgur.com/WGdeUbo.png, https://i.imgur.com/bBV9ELk.png",
    "descripcion": "El juego comienza con una cinemática mostrando al protagonista Jason Brody de vacaciones con sus amigos en Bangkok, donde deciden hacer un viaje de paracaidismo. El grupo aterriza en una isla infestada de piratas y son hechos prisioneros por su líder, Vaas Montenegro. Vaas planea extorsionar el dinero de rescate de sus padres, para luego venderlos como esclavos. Con la ayuda de su hermano mayor Grant, Jason sale de su cautiverio. Sin embargo, Grant muere junto con uno de los amigos de Jason, Vincent Salas, durante el escape. Jason es rescatado por un hombre llamado Dennis, quien forma parte de los Rakyat, los nativos de la isla Rook que sufren debido a las actividades de los piratas. Dennis reconoce el potencial de Jason como un guerrero, y le da tatuajes especiales (tatau) que le permiten acceder a sus habilidades. Impresionados con la destreza de Jason, los Rakyat le permiten ser el primer extranjero que entra a su templo sagrado, y su líder Citra (hermana de Vaas) lo inicia en la tribu. Él ejecuta una serie de misiones en las que rescata a sus amigos uno por uno (con exclusión de la novia de Grant, Daisy, quien se descubre que también escapó), mientras que al mismo tiempo ayuda a los nativos a retomar su isla, ayudado algunos veces por el Dr. Earnhardt, un hombre experto en fungi, diversos remedios naturales y drogas. A lo largo de la aventura, Jason madura en un temible guerrero y es venerado por los Rakyat, a pesar que sus viejos amigos se ven perturbados por su transformación en asesino, sobre todo cuando contempla su estancia en la isla de forma permanente para quedarse con Citra.",
    "enlaces": "https://mega.nz/file/ItBhjaJZ#I7K4G0EUjD-MIhLNkZDULu19LhLisZD0fJUJxMicxEI, https://mega.nz/file/x4pFTLYA#2thj2gbdUvZdX4MW60g6i1ulgWSNIswMwaF1WGDxRpY, https://mega.nz/file/UhghBDCJ#qcxa9S38nNj9KDzG3E0P9gRjNGdHhDm706lsKHCkJa0, https://mega.nz/file/594n1bBQ#qM2tFKNP9wMHG5jdAbIhMx27Q0VEdFUyYmOujFIupcs, https://mega.nz/file/cgw3SRiA#Q3NgAEBOLnh9jD00es8auzwqYT8iVk_mA8O0PNrQ60c, https://mega.nz/file/h5gXULQB#FyJSR6r5BETnbSDRkl2VhBc9hMCro8tcf14nDAc8Xa0, https://mega.nz/file/pkhFhTrI#42s3xafWH2pmfachY-JOAyg_Bxir77_dh7JcjpqJFdQ, https://mega.nz/file/QkhHDTxb#pqiXcwKHApnTlniftnxxT5GxH84eNdqqeor3B1M6J0g",
    "fecha": "12 Febrero, 2021",
    "formato": "rar",
    "genero": "Accion,Aventura,Disparos en Primera Persona",
    "iconouser": "https://i.imgur.com/nJi56nZ.jpg",
    "nivel": "altos",
    "password": "lokuedo5000",
    "peso": "8 gb",
    "servidor": "Mega",
    "sistema": "win-7_8_10",
    "tags": "Far Cry 3, Far Cry 3 Portable, Descargar Far Cry 3 para pc, Descargar Far Cry 3 para pc portable, Far Cry 3 full",
    "tipo": "portable",
    "titulo": "Far Cry 3",
    "user": "lokuedo5000"
  },
  {
    "ID": "bb65f3b8-ff60-436b-a560-015092474561",
    "Imgbanner": "https://i.imgur.com/vhIjENu.jpg",
    "Imgimagen": "https://i.imgur.com/MjptUre.jpg",
    "Recomendados": "si",
    "Requiminimos": "SO: Windows 2000 / XP (sólo)\r\nProcesador: AMD Athlon a 1 GHz o Pentium III a 1 GHz\r\nMemoria: 256 MB de RAM\r\nGráficos: Gráfica con 64 MB y compatible con DirectX 9.0b (ver lista de soportadas*)\r\nSonido: Dispositivo de sonido PCI compatible con DirectX 9.0b (familia Sound Blaster Audigy recomendada)\r\nDirectX: DirectX 9.0b o posterior\r\nDisco Duro: 4 GB de espacio libre\r\nMultijugador: Conexión de banda ancha con 64 Kbps de velocidad de subida (512 Kbps de velocidad de subida para alojar a 8 jugadores)\r\nTeclado/Ratón: Necesarios teclado y ratón compatibles con Windows",
    "Requirecomendados": "SO: Windows 2000 / XP (sólo)\r\nProcesador: AMD Athlon a 2 - 3 GHz o Pentium 4 a 2 - 3 GHz\r\nMemoria: 512 MB - 1 GB de RAM\r\nSonido: Familia Sound Blaster Audigy (ver lista de soportados*)\r\nGráficos: Desde GeForce 4 con 128 MB, GeForce FX 5950 con 128 MB / ATI Radeon 9500-9800 XT",
    "ads": "No",
    "capturas": "https://i.imgur.com/vhIjENu.jpg, https://i.imgur.com/yXXUWFw.jpg",
    "descripcion": "Un tranquilo paseo por las islas de Micronesia. Adornada por sus preciosos paisajes y por los vehículos y fortificaciones abandonados por los japoneses tras su derrota en la Segunda Guerra Mundial. Ese paseo supuestamente se trataba de una exploración de los antiguos restos de las fortificaciones y cadáveres de soldados japoneses. Valerie Constantine es nuestra exploradora, que no solo se quedó impactada por las construcciones derruidas y objetos oxidados sino por algo totalmente diferente que sucedía en esa isla. Valerie resulta ser una espía e intenta averiguar qué sucede en esa isla. Por casualidad se encuentra a Jack Carver, un soldado de élite que se ha retirado, para vivir tranquilamente en una zona de la Micronesia (Pacífico del Sur) y cuyo trabajo es alquilar botes. Entonces Valerine no solo alquila el bote sino que también le contrata para explorar una isla de la región. El Yate \"MEDUSA\" está listo y preparado para salir llega a alcanzar la isla que Valerine deseaba explorar, ella salió a pasear con una moto de agua para acercarse y observar. La gran cantidad de mercenarios y fuerzas especiales en las orillas eran para que protegieran la isla de cualquier intruso, además era tomado como una orden de los altos mandos: \"Si ven Actividad Sospechosa Actúen\" y por eso al acercarse son atacados desde la isla con un lanzacohetes, cuyo cohete impacta en el lado derecho del barco, haciendo que este vuele por los aires. Jack cae al agua y ve que en la isla en la que se encontraba habían algunas especies de monstruos en la isla(que ya hablaremos de ellos más adelante),entonces dirigiéndose a una cueva que sirvió como búnker para los japoneses y casi fue alcanzado por una granada lanzada al agua haciendo que Jack quede atrapado en la cueva. Allí comienza la aventura en la Isla Infernal donde tiene que sobrevivir. Afortunadamente, al salir se encuentra un radiotransmisor portátil. Harlan Doyle, un científico destacado, contactó a Jack Carver por radio y le ofrece ayuda",
    "enlaces": "https://mega.nz/file/s5oiwT4Y#RN5WGfp2zBihbWqjgMjFvMPausHKOFg36rjvis8HBns, https://mega.nz/file/k9xghTJD#poVSDqhAKXiQDGAEngvE6YPdll874dU5-v30JfhMnew, https://mega.nz/file/M5o0yJgC#aMmKZKxdd0Inix8renDHDgAZduEpE6jnOKYCg3O0WLI, https://mega.nz/file/t5gAjBoS#dIvUzLpSEnXxxFm0h3Fdx80gpHIkhBH0M_VJOczurWA, https://mega.nz/file/5ooABZ7R#tD1P0U18YWoltPZSkms47FpE9r4sa-uCNQcLWFDWmBk",
    "fecha": "12 Febrero, 2021",
    "formato": "rar",
    "genero": "Accion,Aventura,Disparos en Primera Persona",
    "iconouser": "https://i.imgur.com/nJi56nZ.jpg",
    "nivel": "bajos",
    "password": "lokuedo5000 (or) LeGames",
    "peso": "3 gb",
    "servidor": "Mega",
    "sistema": "win-7_8_10",
    "tags": "Far Cry, Far Cry 1, Far Cry Portable",
    "tipo": "portable",
    "titulo": "Far Cry",
    "user": "lokuedo5000"
  },
  {
    "ID": "de5bb76e-17c9-41aa-82bb-d9c1e6f65b47",
    "Imgbanner": "https://i.imgur.com/EnI9hNX.jpg",
    "Imgimagen": "https://i.imgur.com/biIx9lf.jpg",
    "Recomendados": "no",
    "Requiminimos": "SO: 8\r\nProcesador: 32\r\nMemoria: 4 GB de RAM\r\nDirectX: Versión 10\r\nAlmacenamiento: 500 MB de espacio disponible",
    "Requirecomendados": "Desconocidos",
    "ads": "No",
    "capturas": "https://i.imgur.com/kOvLY5E.jpg, https://i.imgur.com/EnI9hNX.jpg",
    "descripcion": "Bendy and the Ink Machine es un juego de terror y supervivencia que utiliza una combinación de resolución de rompecabezas, exploración del entorno y combate para ayudar a Henry en su viaje a través del estudio de animación. Los jugadores exploran a través de una vista en primera persona y tienen acciones físicas limitadas, como correr y saltar. Se pueden recopilar diferentes elementos, algunos de los cuales son requeridos para realizar diversas tareas antes de continuar. Latas de sopa de tocino (una referencia al creador del juego, TheMeatly, y su compañero, Mike Mood) también pueden ser recogidas tanto para desbloquear logros como para restaurar la salud de Henry si es lesionado.",
    "enlaces": "https://www.mediafire.com/file/uc7hlo65eqsoiy2/B4T1MC3_sshort_games.part1.rar/file, https://www.mediafire.com/file/l5ky8sr1pc7tjcs/B4T1MC3_sshort_games.part2.rar/file",
    "fecha": "12 Febrero, 2021",
    "formato": "rar",
    "genero": "Horror,Survival",
    "iconouser": "https://i.imgur.com/nJi56nZ.jpg",
    "nivel": "medios",
    "password": "lokuedo5000",
    "peso": "1,5 gb",
    "servidor": "mediafire",
    "sistema": "win-8_10",
    "tags": "Bendy and the ink machine, Bendy and the ink machine Portable, Bendy and the ink machine completo",
    "tipo": "portable",
    "titulo": "Bendy and the ink machine",
    "user": "lokuedo5000"
  },
  {
    "ID": "a7155a83-ba37-4aba-b9fb-48b6fe0f6d4f",
    "Imgbanner": "https://i.imgur.com/9Lqw9fU.jpg",
    "Imgimagen": "https://i.imgur.com/ee7okRH.jpg",
    "Recomendados": "si",
    "Requiminimos": "Sistema operativo: Windows 8, Windows 7, Windows Vista, Windows XP\r\nProcesador: Intel Core 2 Duo E8200 2.66 GHz o AMD Phenom X3 8750\r\nMemoria: 2 GB de RAM\r\nTarjeta gráfica: GeForce 8800 GT series con 512 MB de RAM o ATI Radeon HD4850 con 512MB de RAM\r\nDirectX: 9.0c\r\nDisco duro: 7 GB de espacio libre\r\nSonido: DirectX 9.0c o superior",
    "Requirecomendados": "Desconocidos",
    "ads": "No",
    "capturas": "https://i.imgur.com/sDii1bZ.png, https://i.imgur.com/HN24FXn.png",
    "descripcion": "Cuando High Moon Studios rechaza la propuesta de Deadpool para \"el juego más asombroso\" protagonizado por él mismo, lanza explosivos en el estudio, lo que los obliga a cooperar. Incluso contrata a Nolan North como su actor de voz. Se le entrega el guión del juego; Deadpool lo encuentra aburrido y lo dibuja con un crayón rojo. Siguiendo las primeras líneas del guión, Deadpool se propone asesinar al magnate corrupto de los medios Chance White. Deadpool irrumpe en la sede de medios de White, masacrando a sus guardias antes de enfrentarse a él y a White por la ventana del ático de este último y en las alcantarillas (arruinando el presupuesto del juego en el proceso al repetir los eventos por diversión). Sin embargo, White escapa con los Merodeadores , lo que obliga a Deadpool a perseguirlo. En el camino, experimenta el primero de muchos fallos (el resultado de que Deadpool arruina el presupuesto del juego) y se ve obligado a llamar a High Moon varias veces para coaccionarlos / sobornarlos para que terminen el juego. Después de matar al miembro de Marauders, Arclight , Deadpool encuentra a White reuniéndose con Mister Sinister , quien tiene BlockbusterMátalo una vez informado de que los satélites del magnate están bajo su control. Enojado por perder su recompensa, Deadpool mata a Vértigo , noquea a Blockbuster y se enfrenta al Sr. Siniestro, quien sin esfuerzo lo reduce a una cabeza incorpórea antes de irse con Blockbuster.",
    "enlaces": "https://www.mediafire.com/file/u949xilzsjezybm/D9_LKD5.part01.rar/file, https://www.mediafire.com/file/a83mmpmugnlub3n/D9_LKD5.part02.rar/file, https://www.mediafire.com/file/9o20q90955iw1va/D9_LKD5.part03.rar/file, https://www.mediafire.com/file/p6qc3tl6gr05pu5/D9_LKD5.part04.rar/file, https://www.mediafire.com/file/ez7hbdfbady3sxd/D9_LKD5.part05.rar/file, https://www.mediafire.com/file/59h3pe5ky7x0y7x/D9_LKD5.part06.rar/file, https://www.mediafire.com/file/4beexlngw6al5tl/D9_LKD5.part07.rar/file, https://www.mediafire.com/file/g1yhjuwq6bu283k/D9_LKD5.part08.rar/file, https://www.mediafire.com/file/fphmqqcx3qjgdml/D9_LKD5.part09.rar/file, https://www.mediafire.com/file/x5uv6ggfl7uo846/D9_LKD5.part10.rar/file, https://www.mediafire.com/file/yglrpm1qw9y8drt/D9_LKD5.part11.rar/file, https://www.mediafire.com/file/bo7i2lb5ezsct49/D9_LKD5.part12.rar/file, https://www.mediafire.com/file/ud7hm317hal16pz/D9_LKD5.part13.rar/file, https://www.mediafire.com/file/5114bnycomtdymx/D9_LKD5.part14.rar/file, https://www.mediafire.com/file/vvz1t3191zbhu0e/D9_LKD5.part15.rar/file",
    "fecha": "12 Febrero, 2021",
    "formato": "rar",
    "genero": "Accion,Disparos en Tercera Persona",
    "iconouser": "https://i.imgur.com/nJi56nZ.jpg",
    "nivel": "altos",
    "password": "lokuedo5000",
    "peso": "6,36 gb",
    "servidor": "mediafire",
    "sistema": "win-8_10",
    "tags": "Deadpool, Deadpool Portable, Deadpool 2020, Descargar Deadpool para pc portable",
    "tipo": "portable",
    "titulo": "Deadpool",
    "user": "lokuedo5000"
  },
  {
    "ID": "a8856d51-c288-4455-bbc4-9cb63c9baaf4",
    "Imgbanner": "https://i.imgur.com/HMyPGZW.jpg",
    "Imgimagen": "https://i.imgur.com/6yxGujH.jpg",
    "Recomendados": "no",
    "Requiminimos": "Requiere un procesador y un sistema operativo de 64 bits\r\nSO: Windows 10 (64bit)\r\nProcesador: AMD / Intel CPU running at 2.8 GHz or higher (AMD Phenom II X4 925 or Intel i3-4130 or newer are recommended)\r\nMemoria: 4 GB de RAM\r\nGráficos: AMD/NVIDIA graphic card, with at least 2GB of dedicated VRAM and with at least DirectX 11 and Shader Model 5.1 support: AMD Radeon HD 7870 or NVIDIA GeForce GTX 760 or newer is recommended.\r\nDirectX: Versión 11\r\nAlmacenamiento: 8 GB de espacio disponible\r\nTarjeta de sonido: Integrated or dedicated DirectX 9 compatible soundcard\r\nNotas adicionales: Requires a 64-bit processor and operating system, Windows 7 and 8.1 are supported but some AMD Graphics Cards might show weaker performance on these OS versions.",
    "Requirecomendados": "Requiere un procesador y un sistema operativo de 64 bits\r\nSO: Windows 10 (64bit)\r\nProcesador: AMD / Intel processor running at 3.5 GHz or higher (AMD FX-6300 series or Intel Core i3-8100 or newer is recommended).\r\nMemoria: 8 GB de RAM\r\nGráficos: AMD/NVIDIA dedicated graphic card, with at least 4GB of dedicated VRAM (or more) and with at least DirectX 11 and Shader Model 5.1 support: NVIDIA GeForce GTX 1050 Ti or AMD Radeon R9\r\nDirectX: Versión 11\r\nAlmacenamiento: 8 GB de espacio disponible\r\nTarjeta de sonido: Integrated or dedicated DirectX 9 compatible soundcard\r\nNotas adicionales: Requires a 64-bit processor and operating system, Windows 7 and 8.1 are supported but some AMD Graphics Cards might show weaker performance on these OS versions.",
    "ads": "No",
    "capturas": "https://i.imgur.com/goPAAX0.jpg, https://i.imgur.com/0ZRdJiY.jpg",
    "descripcion": "El juego implica recoger elementos y derrotando los robots qué tiene atacado varias áreas en Fondo de Bikini, mientras cruzando plataformas y evitando medioambientales hazards como espigas y llamas. Algunas áreas requieren caracteres diferentes para batir, cuando cada carácter tiene sus capacidades únicas propias. El jugador puede controlar a Bob Esponja, Patricio y Arenita. Cambiando los caracteres requiere el jugador para encontrar una Parada de autobús, a utilizar cuál el carácter actual cambiará a otro, y utilizándolo otra vez cambiará atrás al carácter anterior, dando el jugador una opción de dos caracteres en cada nivel. El default el carácter durante el juego es SpongeBob; Sandy y Patrick no comparten cualesquier niveles como playable caracteres.",
    "enlaces": "https://mega.nz/file/V4Z0AJYT#FtX0ABaFCltKKlHu9z932ZdByF3JX8WYKe50VHoL-CQ, https://mega.nz/file/1pJkTBAK#3gM3HM5m9Dvyv3w0tMVh4NDJUBidxbc4AUZoeOlhtJE, https://mega.nz/file/I5BEzbQJ#PzQmmjyjnlx6PN98hXQVfnEwTW7cIjnHU08knrGTU-4, https://mega.nz/file/twA02Z7K#4j-6gJsv1a5LVPzco3CbHbeq0A4fFpfTJFqygbWdIKY, https://mega.nz/file/5gB0UbYT#gFK4vEDPL7JqnKTsLYMArFsOhoH-LPv4oHjjKzUBwcY, https://mega.nz/file/x5JS3boJ#1UMfH8Ze8ZlT0dOcOn4domi2J5z7vcHRnjPDy-ERk2E, https://mega.nz/file/x8YE3J4Q#IRdZUDnrZ5pYqkkmFj4H-D-WEBGsMlBS-oNwQKjk3oM, https://mega.nz/file/gkY0BZbL#WR4va9frC92D7QHRtxiG4qTKU1Nga8YSsyY72ZPxwkQ, https://mega.nz/file/00JWDRja#tYv3CUTecTQn6SIt5pUvQtB8kSa5agWq33ZVd3wVWVI",
    "fecha": "12 Febrero, 2021",
    "formato": "rar",
    "genero": "Accion,Aventura,Plataformas",
    "iconouser": "https://i.imgur.com/nJi56nZ.jpg",
    "nivel": "altos",
    "password": "lokuedo5000",
    "peso": "8 gb",
    "servidor": "Mega",
    "sistema": "win-8_10",
    "tags": "SpongeBob SquarePants Battle for Bikini Bottom Rehydrated, SpongeBob SquarePants Battle for Bikini Bottom Rehydrated Portable, portable",
    "tipo": "portable",
    "titulo": "SpongeBob SquarePants Battle for Bikini Bottom Rehydrated",
    "user": "lokuedo5000"
  },
  {
    "ID": "c1b56843-fdd2-4633-b80a-073626a322fb",
    "Imgbanner": "https://i.imgur.com/sHrxOtH.jpg",
    "Imgimagen": "https://i.imgur.com/mGhSYsV.jpg",
    "Recomendados": "si",
    "Requiminimos": "Procesador a 1.7 GHz\n512 MB de RAM\nGráfica compatible con DirectX® 8.1 (requiere compatibilidad con SSE), Windows® 7 (32 y 64 bits) / Vista / XP,",
    "Requirecomendados": "Procesador Pentium 4 (3 GHz o más)\n1 GB de RAM\nGráfica compatible con DirectX® 9, Windows® 7 (32 y 64 bits) / Vista / XP",
    "ads": "No",
    "capturas": "https://i.imgur.com/z3epChT.jpg, https://i.imgur.com/oRKSGKY.jpg",
    "descripcion": "La historia del juego transcurre, aproximadamente, 20 años después de Half-Life. Gordon Freeman aceptó trabajar para G-Man tras derrotar a Nihilanth, tras lo cual fue puesto en un estado de hibernación, donde ha quedado congelado en el tiempo. Se creía que la destrucción de Nihilanth acabaría con la Tormenta de Portales, pero no fue así. Su muerte creó una nueva e inestable tormenta de portales que se extendió por todo el mundo, transportando a gran parte de las criaturas de Xen a la Tierra. Los Xenianos habían sido anteriormente conquistados por otra raza alienígena llamada La Alianza.",
    "enlaces": "https://www.mediafire.com/file/qfis6adyz3d67hq/Half_life_2.rar/file",
    "fecha": "12 Febrero, 2021",
    "formato": "rar",
    "genero": "disparos,accion,estrategia",
    "iconouser": "https://i.imgur.com/nJi56nZ.jpg",
    "nivel": "bajos",
    "password": "lokuedo5000 (o) LeGames",
    "peso": "1,5 gb",
    "servidor": "Mediafire",
    "sistema": "win-7_8_10",
    "tags": "Half Life 2, Half Life 2 Portable, Half Life, portable",
    "tipo": "portable",
    "titulo": "Half Life 2",
    "user": "lokuedo5000"
  }
]