[
    {
        "item": "Accion",
        "dcp": "pronto"
    },
    {
        "item": "Arcade",
        "dcp": "pronto"
    },
    {
        "item": "ARPG",
        "dcp": "pronto"
    },
    {
        "item": "Aventura",
        "dcp": "pronto"
    },
    {
        "item": "Aventura Grafica",
        "dcp": "pronto"
    },
    {
        "item": "Battle Royale",
        "dcp": "pronto"
    },
    {
        "item": "Conduccion",
        "dcp": "pronto"
    },
    {
        "item": "Disparos",
        "dcp": "pronto"
    },
    {
        "item": "Disparos en Primera Persona",
        "dcp": "pronto"
    },
    {
        "item": "Disparos en Tercera Persona",
        "dcp": "pronto"
    },
    {
        "item": "Estrategia",
        "dcp": "pronto"
    },
    {
        "item": "FPS",
        "dcp": "pronto"
    },
    {
        "item": "Horror",
        "dcp": "pronto"
    },
    {
        "item": "Lucha",
        "dcp": "pronto"
    },
    {
        "item": "MMO",
        "dcp": "pronto"
    },
    {
        "item": "MMORPG",
        "dcp": "pronto"
    },
    {
        "item": "Misterio",
        "dcp": "pronto"
    },
    {
        "item": "Novela visual",
        "dcp": "pronto"
    },
    {
        "item": "Plataformas",
        "dcp": "pronto"
    },
    {
        "item": "Point and Click",
        "dcp": "pronto"
    },
    {
        "item": "Pelicula Interactiva",
        "dcp": "pronto"
    },
    {
        "item": "RPG",
        "dcp": "pronto"
    },
    {
        "item": "Shooter",
        "dcp": "pronto"
    },
    {
        "item": "Simulador",
        "dcp": "pronto"
    },
    {
        "item": "Survival",
        "dcp": "pronto"
    }
]
